{
  "hash": "67dfdbd9",
  "browserHash": "9a198c98",
  "optimized": {
    "@angular/common": {
      "src": "../../../../../node_modules/@angular/common/fesm2022/common.mjs",
      "file": "@angular_common.js",
      "fileHash": "e49eb576",
      "needsInterop": false
    },
    "@angular/core": {
      "src": "../../../../../node_modules/@angular/core/fesm2022/core.mjs",
      "file": "@angular_core.js",
      "fileHash": "3902101b",
      "needsInterop": false
    },
    "@angular/platform-browser": {
      "src": "../../../../../node_modules/@angular/platform-browser/fesm2022/platform-browser.mjs",
      "file": "@angular_platform-browser.js",
      "fileHash": "9aae2c3e",
      "needsInterop": false
    },
    "@angular/router": {
      "src": "../../../../../node_modules/@angular/router/fesm2022/router.mjs",
      "file": "@angular_router.js",
      "fileHash": "d51c7e37",
      "needsInterop": false
    },
    "@angular/forms": {
      "src": "../../../../../node_modules/@angular/forms/fesm2022/forms.mjs",
      "file": "@angular_forms.js",
      "fileHash": "3acd2371",
      "needsInterop": false
    }
  },
  "chunks": {
    "chunk-HFMJYUOM": {
      "file": "chunk-HFMJYUOM.js"
    },
    "chunk-ZX2BSK4W": {
      "file": "chunk-ZX2BSK4W.js"
    },
    "chunk-63TKGN5U": {
      "file": "chunk-63TKGN5U.js"
    }
  }
}