{
  "hash": "7e59a624",
  "browserHash": "52ecd0dc",
  "optimized": {
    "@angular/common": {
      "src": "../../../../../node_modules/@angular/common/fesm2022/common.mjs",
      "file": "@angular_common.js",
      "fileHash": "fb18bd4c",
      "needsInterop": false
    },
    "@angular/core": {
      "src": "../../../../../node_modules/@angular/core/fesm2022/core.mjs",
      "file": "@angular_core.js",
      "fileHash": "7215ad54",
      "needsInterop": false
    },
    "@angular/platform-browser": {
      "src": "../../../../../node_modules/@angular/platform-browser/fesm2022/platform-browser.mjs",
      "file": "@angular_platform-browser.js",
      "fileHash": "cab83ac4",
      "needsInterop": false
    },
    "@angular/router": {
      "src": "../../../../../node_modules/@angular/router/fesm2022/router.mjs",
      "file": "@angular_router.js",
      "fileHash": "0fe961e3",
      "needsInterop": false
    }
  },
  "chunks": {
    "chunk-YILGS5XA": {
      "file": "chunk-YILGS5XA.js"
    },
    "chunk-3E3P3467": {
      "file": "chunk-3E3P3467.js"
    },
    "chunk-IW6SK4KA": {
      "file": "chunk-IW6SK4KA.js"
    }
  }
}